jahr;topf;name;wert
2020;999;kasse_anfang;100000.0
2020;999;umbuchung_von_kasse_zu_ka_zugang;100000.0
2022;renten;anfang;49305.46886973994
2022;aktien;anfang;21130.915229888546
2022;renten;ende;70657.04171706401
2022;renten;zins;220.65761743554287
2022;renten;zugang;0.0
2022;renten;ablauf;0.0
