jahr;vsnr;avbg;name;wert
2020;20231216190625084; BG113_Risiko;iAK;1234600.8966412449
2020;20231216190625084; BG113_Risiko;VK_Stueck;385812.78020038904
2020;20231216190625835; BG111_Rente;iAK;210952.365308999
2020;20231216190625835; BG111_Rente;VK_Stueck;65922.61415906218
