jahr;name;wert
2020;verschiebung;0.003947982725615825
2021;verschiebung;0.005745764199524995
