jahr;name;wert
2020;verschiebung;-0.0014203524694579048
2021;verschiebung;0.0017740754352250478
