jahr;name;wert
2020;verschiebung;0.006329847169759201
2021;verschiebung;0.005112790671474244
