jahr;name;wert
2020;verschiebung;0.001235970284290511
2021;verschiebung;0.003478272207794387
