jahr;name;wert
2020;verschiebung;0.0008703526629798336
2021;verschiebung;0.0002901105689482071
2022;verschiebung;0.0008964657180187835
