jahr;name;wert
2020;verschiebung;-0.0018405824415618783
2021;verschiebung;-0.00028634548811864356
2022;verschiebung;0.002050958985014872
