jahr;name;wert
2020;verschiebung;0.0028347857426729655
2021;verschiebung;0.005774908065931814
