jahr;name;wert
2020;verschiebung;0.0048429434570113564
2021;verschiebung;0.0023487910381241052
