jahr;name;wert
2020;verschiebung;0.002642361193247051
2021;verschiebung;0.004527424214400082
2022;verschiebung;-0.002263522636227889
